{
    "relu": {
        "mean_squared_error": {
            "LOSS": 0.010325273498892784,
            "MEAN_SQUARED_ERROR": 0.010325273498892784,
            "VAL_LOSS": 0.010260329581797123,
            "VAL_MEAN_SQUARED_ERROR": 0.010260329581797123
        }
    }
}