{
    "0.1": {
        "1": {
            "LOSS": 0.05854439735412598,
            "MEAN_SQUARED_ERROR": 0.05854439735412598,
            "VAL_LOSS": 0.05741604045033455,
            "VAL_MEAN_SQUARED_ERROR": 0.05741604045033455
        },
        "0.96": {
            "LOSS": 0.057197194546461105,
            "MEAN_SQUARED_ERROR": 0.057197194546461105,
            "VAL_LOSS": 0.05591897293925285,
            "VAL_MEAN_SQUARED_ERROR": 0.05591897293925285
        },
        "0.1": {
            "LOSS": 0.057186152786016464,
            "MEAN_SQUARED_ERROR": 0.057186152786016464,
            "VAL_LOSS": 0.05590837448835373,
            "VAL_MEAN_SQUARED_ERROR": 0.05590837448835373
        }
    },
    "0.01": {
        "1": {
            "LOSS": 0.014132823795080185,
            "MEAN_SQUARED_ERROR": 0.014132823795080185,
            "VAL_LOSS": 0.014431365765631199,
            "VAL_MEAN_SQUARED_ERROR": 0.014431365765631199
        },
        "0.96": {
            "LOSS": 0.013939930126070976,
            "MEAN_SQUARED_ERROR": 0.013939930126070976,
            "VAL_LOSS": 0.013216422870755196,
            "VAL_MEAN_SQUARED_ERROR": 0.013216422870755196
        },
        "0.1": {
            "LOSS": 0.011160866357386112,
            "MEAN_SQUARED_ERROR": 0.011160866357386112,
            "VAL_LOSS": 0.01149924099445343,
            "VAL_MEAN_SQUARED_ERROR": 0.01149924099445343
        }
    },
    "0.001": {
        "1": {
            "LOSS": 0.012347731739282608,
            "MEAN_SQUARED_ERROR": 0.012347731739282608,
            "VAL_LOSS": 0.011153753846883774,
            "VAL_MEAN_SQUARED_ERROR": 0.011153753846883774
        },
        "0.96": {
            "LOSS": 0.011961860582232475,
            "MEAN_SQUARED_ERROR": 0.011961860582232475,
            "VAL_LOSS": 0.011842276901006699,
            "VAL_MEAN_SQUARED_ERROR": 0.011842276901006699
        },
        "0.1": {
            "LOSS": 0.012797627598047256,
            "MEAN_SQUARED_ERROR": 0.012797627598047256,
            "VAL_LOSS": 0.012459042482078075,
            "VAL_MEAN_SQUARED_ERROR": 0.012459042482078075
        }
    }
}