{
    "linear": {
        "mean_absolute_error": {
            "LOSS": 0.11454951018095016,
            "MEAN_ABSOLUTE_ERROR": 0.11454951018095016,
            "MEAN_SQUARED_ERROR": 0.02664029598236084,
            "MEAN_ABSOLUTE_PERCENTAGE_ERROR": 38321.26171875,
            "VAL_LOSS": 0.1105867400765419,
            "VAL_MEAN_ABSOLUTE_ERROR": 0.1105867400765419,
            "VAL_MEAN_SQUARED_ERROR": 0.023081686347723007,
            "VAL_MEAN_ABSOLUTE_PERCENTAGE_ERROR": 28262.75390625
        },
        "mean_squared_error": {
            "LOSS": 0.025138840079307556,
            "MEAN_ABSOLUTE_ERROR": 0.11651686578989029,
            "MEAN_SQUARED_ERROR": 0.025138840079307556,
            "MEAN_ABSOLUTE_PERCENTAGE_ERROR": 51456.43359375,
            "VAL_LOSS": 0.02593359351158142,
            "VAL_MEAN_ABSOLUTE_ERROR": 0.13016435503959656,
            "VAL_MEAN_SQUARED_ERROR": 0.02593359351158142,
            "VAL_MEAN_ABSOLUTE_PERCENTAGE_ERROR": 52852.8671875
        },
        "mean_absolute_percentage_error": {
            "LOSS": 45041.72265625,
            "MEAN_ABSOLUTE_ERROR": 0.3643501400947571,
            "MEAN_SQUARED_ERROR": 0.18910084664821625,
            "MEAN_ABSOLUTE_PERCENTAGE_ERROR": 45041.72265625,
            "VAL_LOSS": 5995.275390625,
            "VAL_MEAN_ABSOLUTE_ERROR": 0.4429813325405121,
            "VAL_MEAN_SQUARED_ERROR": 0.2518283426761627,
            "VAL_MEAN_ABSOLUTE_PERCENTAGE_ERROR": 5995.275390625
        }
    },
    "relu": {
        "mean_absolute_error": {
            "LOSS": 0.2660517990589142,
            "MEAN_ABSOLUTE_ERROR": 0.2660517990589142,
            "MEAN_SQUARED_ERROR": 0.12429063022136688,
            "MEAN_ABSOLUTE_PERCENTAGE_ERROR": 28791.71484375,
            "VAL_LOSS": 0.2309245616197586,
            "VAL_MEAN_ABSOLUTE_ERROR": 0.2309245616197586,
            "VAL_MEAN_SQUARED_ERROR": 0.10038558393716812,
            "VAL_MEAN_ABSOLUTE_PERCENTAGE_ERROR": 58071.7109375
        },
        "mean_squared_error": {
            "LOSS": 0.021966401487588882,
            "MEAN_ABSOLUTE_ERROR": 0.10730493813753128,
            "MEAN_SQUARED_ERROR": 0.021966401487588882,
            "MEAN_ABSOLUTE_PERCENTAGE_ERROR": 62745.4453125,
            "VAL_LOSS": 0.021009240299463272,
            "VAL_MEAN_ABSOLUTE_ERROR": 0.11255936324596405,
            "VAL_MEAN_SQUARED_ERROR": 0.021009240299463272,
            "VAL_MEAN_ABSOLUTE_PERCENTAGE_ERROR": 63138.66015625
        },
        "mean_absolute_percentage_error": {
            "LOSS": 16446.283203125,
            "MEAN_ABSOLUTE_ERROR": 0.34042221307754517,
            "MEAN_SQUARED_ERROR": 0.17297828197479248,
            "MEAN_ABSOLUTE_PERCENTAGE_ERROR": 16446.283203125,
            "VAL_LOSS": 15350.4814453125,
            "VAL_MEAN_ABSOLUTE_ERROR": 0.3434925079345703,
            "VAL_MEAN_SQUARED_ERROR": 0.17378495633602142,
            "VAL_MEAN_ABSOLUTE_PERCENTAGE_ERROR": 15350.4814453125
        }
    },
    "elu": {
        "mean_absolute_error": {
            "LOSS": 0.1121053397655487,
            "MEAN_ABSOLUTE_ERROR": 0.1121053397655487,
            "MEAN_SQUARED_ERROR": 0.025575365871191025,
            "MEAN_ABSOLUTE_PERCENTAGE_ERROR": 47521.84375,
            "VAL_LOSS": 0.10815372318029404,
            "VAL_MEAN_ABSOLUTE_ERROR": 0.10815372318029404,
            "VAL_MEAN_SQUARED_ERROR": 0.022863127291202545,
            "VAL_MEAN_ABSOLUTE_PERCENTAGE_ERROR": 49784.3984375
        },
        "mean_squared_error": {
            "LOSS": 0.024298597127199173,
            "MEAN_ABSOLUTE_ERROR": 0.11443639546632767,
            "MEAN_SQUARED_ERROR": 0.024298597127199173,
            "MEAN_ABSOLUTE_PERCENTAGE_ERROR": 57144.75390625,
            "VAL_LOSS": 0.022273298352956772,
            "VAL_MEAN_ABSOLUTE_ERROR": 0.11348229646682739,
            "VAL_MEAN_SQUARED_ERROR": 0.022273298352956772,
            "VAL_MEAN_ABSOLUTE_PERCENTAGE_ERROR": 39487.70703125
        },
        "mean_absolute_percentage_error": {
            "LOSS": 26380.470703125,
            "MEAN_ABSOLUTE_ERROR": 0.3404451608657837,
            "MEAN_SQUARED_ERROR": 0.16731049120426178,
            "MEAN_ABSOLUTE_PERCENTAGE_ERROR": 26380.470703125,
            "VAL_LOSS": 4330.62939453125,
            "VAL_MEAN_ABSOLUTE_ERROR": 0.36632972955703735,
            "VAL_MEAN_SQUARED_ERROR": 0.187660813331604,
            "VAL_MEAN_ABSOLUTE_PERCENTAGE_ERROR": 4330.62939453125
        }
    }
}