{
    "relu": {
        "mean_squared_error": {
            "LOSS": 0.009708911180496216,
            "MEAN_SQUARED_ERROR": 0.009708911180496216,
            "VAL_LOSS": 0.010607288219034672,
            "VAL_MEAN_SQUARED_ERROR": 0.010607288219034672
        }
    }
}