{
    "relu": {
        "mean_squared_error": {
            "LOSS": 0.01098552718758583,
            "MEAN_SQUARED_ERROR": 0.01098552718758583,
            "VAL_LOSS": 0.01069102343171835,
            "VAL_MEAN_SQUARED_ERROR": 0.01069102343171835
        }
    }
}