{
    "relu": {
        "mean_squared_error": {
            "LOSS": 0.012289862148463726,
            "MEAN_SQUARED_ERROR": 0.012289862148463726,
            "VAL_LOSS": 0.011977817863225937,
            "VAL_MEAN_SQUARED_ERROR": 0.011977817863225937
        }
    }
}