{
    "linear": {
        "mean_absolute_error": {
            "LOSS": 0.10970491915941238,
            "MEAN_ABSOLUTE_ERROR": 0.10970491915941238,
            "MEAN_SQUARED_ERROR": 0.024604270234704018,
            "MEAN_ABSOLUTE_PERCENTAGE_ERROR": 43528.52734375,
            "VAL_LOSS": 0.10771536827087402,
            "VAL_MEAN_ABSOLUTE_ERROR": 0.10771536827087402,
            "VAL_MEAN_SQUARED_ERROR": 0.023330053314566612,
            "VAL_MEAN_ABSOLUTE_PERCENTAGE_ERROR": 55723.0546875
        },
        "mean_squared_error": {
            "LOSS": 0.023389078676700592,
            "MEAN_ABSOLUTE_ERROR": 0.11277851462364197,
            "MEAN_SQUARED_ERROR": 0.023389078676700592,
            "MEAN_ABSOLUTE_PERCENTAGE_ERROR": 47484.86328125,
            "VAL_LOSS": 0.022141236811876297,
            "VAL_MEAN_ABSOLUTE_ERROR": 0.1110212653875351,
            "VAL_MEAN_SQUARED_ERROR": 0.022141236811876297,
            "VAL_MEAN_ABSOLUTE_PERCENTAGE_ERROR": 58786.765625
        },
        "mean_absolute_percentage_error": {
            "LOSS": 3732.953125,
            "MEAN_ABSOLUTE_ERROR": 0.39876291155815125,
            "MEAN_SQUARED_ERROR": 0.2171286791563034,
            "MEAN_ABSOLUTE_PERCENTAGE_ERROR": 3732.953125,
            "VAL_LOSS": 10317.9619140625,
            "VAL_MEAN_ABSOLUTE_ERROR": 0.36504054069519043,
            "VAL_MEAN_SQUARED_ERROR": 0.19071875512599945,
            "VAL_MEAN_ABSOLUTE_PERCENTAGE_ERROR": 10317.9619140625
        }
    },
    "relu": {
        "mean_absolute_error": {
            "LOSS": 0.08897406607866287,
            "MEAN_ABSOLUTE_ERROR": 0.08897406607866287,
            "MEAN_SQUARED_ERROR": 0.0186022762209177,
            "MEAN_ABSOLUTE_PERCENTAGE_ERROR": 51809.74609375,
            "VAL_LOSS": 0.08549028635025024,
            "VAL_MEAN_ABSOLUTE_ERROR": 0.08549028635025024,
            "VAL_MEAN_SQUARED_ERROR": 0.017387505620718002,
            "VAL_MEAN_ABSOLUTE_PERCENTAGE_ERROR": 47554.546875
        },
        "mean_squared_error": {
            "LOSS": 0.018450390547513962,
            "MEAN_ABSOLUTE_ERROR": 0.09515148401260376,
            "MEAN_SQUARED_ERROR": 0.018450390547513962,
            "MEAN_ABSOLUTE_PERCENTAGE_ERROR": 52083.8828125,
            "VAL_LOSS": 0.01715412735939026,
            "VAL_MEAN_ABSOLUTE_ERROR": 0.09094631671905518,
            "VAL_MEAN_SQUARED_ERROR": 0.01715412735939026,
            "VAL_MEAN_ABSOLUTE_PERCENTAGE_ERROR": 50344.98828125
        },
        "mean_absolute_percentage_error": {
            "LOSS": 1380.50244140625,
            "MEAN_ABSOLUTE_ERROR": 0.39547961950302124,
            "MEAN_SQUARED_ERROR": 0.2135780155658722,
            "MEAN_ABSOLUTE_PERCENTAGE_ERROR": 1380.50244140625,
            "VAL_LOSS": 269.2281494140625,
            "VAL_MEAN_ABSOLUTE_ERROR": 0.3902021646499634,
            "VAL_MEAN_SQUARED_ERROR": 0.20808111131191254,
            "VAL_MEAN_ABSOLUTE_PERCENTAGE_ERROR": 269.2281494140625
        }
    },
    "elu": {
        "mean_absolute_error": {
            "LOSS": 0.0977342426776886,
            "MEAN_ABSOLUTE_ERROR": 0.0977342426776886,
            "MEAN_SQUARED_ERROR": 0.020827606320381165,
            "MEAN_ABSOLUTE_PERCENTAGE_ERROR": 51378.3515625,
            "VAL_LOSS": 0.10058524459600449,
            "VAL_MEAN_ABSOLUTE_ERROR": 0.10058524459600449,
            "VAL_MEAN_SQUARED_ERROR": 0.022686723619699478,
            "VAL_MEAN_ABSOLUTE_PERCENTAGE_ERROR": 51510.99609375
        },
        "mean_squared_error": {
            "LOSS": 0.019608311355113983,
            "MEAN_ABSOLUTE_ERROR": 0.09954491257667542,
            "MEAN_SQUARED_ERROR": 0.019608311355113983,
            "MEAN_ABSOLUTE_PERCENTAGE_ERROR": 58273.0078125,
            "VAL_LOSS": 0.01793999969959259,
            "VAL_MEAN_ABSOLUTE_ERROR": 0.09510535001754761,
            "VAL_MEAN_SQUARED_ERROR": 0.01793999969959259,
            "VAL_MEAN_ABSOLUTE_PERCENTAGE_ERROR": 66894.546875
        },
        "mean_absolute_percentage_error": {
            "LOSS": 9330.1708984375,
            "MEAN_ABSOLUTE_ERROR": 0.39677953720092773,
            "MEAN_SQUARED_ERROR": 0.21647179126739502,
            "MEAN_ABSOLUTE_PERCENTAGE_ERROR": 9330.1708984375,
            "VAL_LOSS": 2160.981201171875,
            "VAL_MEAN_ABSOLUTE_ERROR": 0.39804261922836304,
            "VAL_MEAN_SQUARED_ERROR": 0.21516503393650055,
            "VAL_MEAN_ABSOLUTE_PERCENTAGE_ERROR": 2160.981201171875
        }
    }
}