{
    "relu": {
        "mean_squared_error": {
            "LOSS": 0.00941777229309082,
            "MEAN_SQUARED_ERROR": 0.00941777229309082,
            "VAL_LOSS": 0.010025830939412117,
            "VAL_MEAN_SQUARED_ERROR": 0.010025830939412117
        }
    }
}