{
    "0.1": {
        "1": {
            "LOSS": 0.019725019112229347,
            "MEAN_SQUARED_ERROR": 0.019725019112229347,
            "VAL_LOSS": 0.018265385180711746,
            "VAL_MEAN_SQUARED_ERROR": 0.018265385180711746
        },
        "0.96": {
            "LOSS": 0.057209715247154236,
            "MEAN_SQUARED_ERROR": 0.057209715247154236,
            "VAL_LOSS": 0.0558304637670517,
            "VAL_MEAN_SQUARED_ERROR": 0.0558304637670517
        },
        "0.1": {
            "LOSS": 0.05718116834759712,
            "MEAN_SQUARED_ERROR": 0.05718116834759712,
            "VAL_LOSS": 0.05587700009346008,
            "VAL_MEAN_SQUARED_ERROR": 0.05587700009346008
        }
    },
    "0.01": {
        "1": {
            "LOSS": 0.019577428698539734,
            "MEAN_SQUARED_ERROR": 0.019577428698539734,
            "VAL_LOSS": 0.01815839111804962,
            "VAL_MEAN_SQUARED_ERROR": 0.01815839111804962
        },
        "0.96": {
            "LOSS": 0.020520005375146866,
            "MEAN_SQUARED_ERROR": 0.020520005375146866,
            "VAL_LOSS": 0.01936202123761177,
            "VAL_MEAN_SQUARED_ERROR": 0.01936202123761177
        },
        "0.1": {
            "LOSS": 0.021144423633813858,
            "MEAN_SQUARED_ERROR": 0.021144423633813858,
            "VAL_LOSS": 0.020011229440569878,
            "VAL_MEAN_SQUARED_ERROR": 0.020011229440569878
        }
    },
    "0.001": {
        "1": {
            "LOSS": 0.050420135259628296,
            "MEAN_SQUARED_ERROR": 0.050420135259628296,
            "VAL_LOSS": 0.04907706007361412,
            "VAL_MEAN_SQUARED_ERROR": 0.04907706007361412
        },
        "0.96": {
            "LOSS": 0.028569061309099197,
            "MEAN_SQUARED_ERROR": 0.028569061309099197,
            "VAL_LOSS": 0.02717362716794014,
            "VAL_MEAN_SQUARED_ERROR": 0.02717362716794014
        },
        "0.1": {
            "LOSS": 0.05707798898220062,
            "MEAN_SQUARED_ERROR": 0.05707798898220062,
            "VAL_LOSS": 0.055760785937309265,
            "VAL_MEAN_SQUARED_ERROR": 0.055760785937309265
        }
    }
}