{
    "0.1": {
        "1": {
            "LOSS": 0.05804384872317314,
            "MEAN_SQUARED_ERROR": 0.05804384872317314,
            "VAL_LOSS": 0.05582795664668083,
            "VAL_MEAN_SQUARED_ERROR": 0.05582795664668083
        },
        "0.96": {
            "LOSS": 0.05796853452920914,
            "MEAN_SQUARED_ERROR": 0.05796853452920914,
            "VAL_LOSS": 0.05584297701716423,
            "VAL_MEAN_SQUARED_ERROR": 0.05584297701716423
        },
        "0.1": {
            "LOSS": 0.057235728949308395,
            "MEAN_SQUARED_ERROR": 0.057235728949308395,
            "VAL_LOSS": 0.05595214664936066,
            "VAL_MEAN_SQUARED_ERROR": 0.05595214664936066
        }
    },
    "0.01": {
        "1": {
            "LOSS": 0.018483050167560577,
            "MEAN_SQUARED_ERROR": 0.018483050167560577,
            "VAL_LOSS": 0.01791023276746273,
            "VAL_MEAN_SQUARED_ERROR": 0.01791023276746273
        },
        "0.96": {
            "LOSS": 0.018396390601992607,
            "MEAN_SQUARED_ERROR": 0.018396390601992607,
            "VAL_LOSS": 0.01724572665989399,
            "VAL_MEAN_SQUARED_ERROR": 0.01724572665989399
        },
        "0.1": {
            "LOSS": 0.01851201429963112,
            "MEAN_SQUARED_ERROR": 0.01851201429963112,
            "VAL_LOSS": 0.01708022877573967,
            "VAL_MEAN_SQUARED_ERROR": 0.01708022877573967
        }
    },
    "0.001": {
        "1": {
            "LOSS": 0.01926020160317421,
            "MEAN_SQUARED_ERROR": 0.01926020160317421,
            "VAL_LOSS": 0.017757238820195198,
            "VAL_MEAN_SQUARED_ERROR": 0.017757238820195198
        },
        "0.96": {
            "LOSS": 0.05718223378062248,
            "MEAN_SQUARED_ERROR": 0.05718223378062248,
            "VAL_LOSS": 0.05588335171341896,
            "VAL_MEAN_SQUARED_ERROR": 0.05588335171341896
        },
        "0.1": {
            "LOSS": 0.02208835817873478,
            "MEAN_SQUARED_ERROR": 0.02208835817873478,
            "VAL_LOSS": 0.020911332219839096,
            "VAL_MEAN_SQUARED_ERROR": 0.020911332219839096
        }
    }
}