{
    "relu": {
        "mean_squared_error": {
            "LOSS": 0.01755276322364807,
            "MEAN_SQUARED_ERROR": 0.01755276322364807,
            "VAL_LOSS": 0.016106195747852325,
            "VAL_MEAN_SQUARED_ERROR": 0.016106195747852325
        }
    }
}