{
    "0.1": {
        "1": {
            "LOSS": 0.06172465160489082,
            "MEAN_SQUARED_ERROR": 0.06172465160489082,
            "VAL_LOSS": 0.05864696204662323,
            "VAL_MEAN_SQUARED_ERROR": 0.05864696204662323
        },
        "0.96": {
            "LOSS": 0.05919898673892021,
            "MEAN_SQUARED_ERROR": 0.05919898673892021,
            "VAL_LOSS": 0.05923708900809288,
            "VAL_MEAN_SQUARED_ERROR": 0.05923708900809288
        },
        "0.1": {
            "LOSS": 0.05841577425599098,
            "MEAN_SQUARED_ERROR": 0.05841577425599098,
            "VAL_LOSS": 0.05600981414318085,
            "VAL_MEAN_SQUARED_ERROR": 0.05600981414318085
        }
    },
    "0.01": {
        "1": {
            "LOSS": 0.05825907364487648,
            "MEAN_SQUARED_ERROR": 0.05825907364487648,
            "VAL_LOSS": 0.056280430406332016,
            "VAL_MEAN_SQUARED_ERROR": 0.056280430406332016
        },
        "0.96": {
            "LOSS": 0.05798924341797829,
            "MEAN_SQUARED_ERROR": 0.05798924341797829,
            "VAL_LOSS": 0.05682303383946419,
            "VAL_MEAN_SQUARED_ERROR": 0.05682303383946419
        },
        "0.1": {
            "LOSS": 0.017655309289693832,
            "MEAN_SQUARED_ERROR": 0.017655309289693832,
            "VAL_LOSS": 0.01614443026483059,
            "VAL_MEAN_SQUARED_ERROR": 0.01614443026483059
        }
    },
    "0.001": {
        "1": {
            "LOSS": 0.0183474849909544,
            "MEAN_SQUARED_ERROR": 0.0183474849909544,
            "VAL_LOSS": 0.017599739134311676,
            "VAL_MEAN_SQUARED_ERROR": 0.017599739134311676
        },
        "0.96": {
            "LOSS": 0.057207487523555756,
            "MEAN_SQUARED_ERROR": 0.057207487523555756,
            "VAL_LOSS": 0.05586674064397812,
            "VAL_MEAN_SQUARED_ERROR": 0.05586674064397812
        },
        "0.1": {
            "LOSS": 0.05717959627509117,
            "MEAN_SQUARED_ERROR": 0.05717959627509117,
            "VAL_LOSS": 0.05585601553320885,
            "VAL_MEAN_SQUARED_ERROR": 0.05585601553320885
        }
    }
}